{"iso8601DateFormat":false,"callBackUrlConfigured":false,"callBackUrls":null,"apiProvider":"ExternalApplication","applicationType":null,"urlDescription":"https://broadcom.airfocus.com","userNameDescription":"","passwordDescription":"","paginationSupported":false,"paginationAttributes":null,"status":"Active","active":true,"syncModel":"ReadWrite","multiProjectSupported":false,"projectLoginRequired":false,"version":null,"displayName":"Airfocus","type":"airfocus","logo":"AirFocus_1.PNG","logoSmall":"AirFocus.PNG","metadata":[{"name":"type","dependent":false,"dependentMetadata":null,"values":[{"id":"items","name":"Items","attributeName":null,"referenceType":null,"dependents":null,"attributes":null,"fieldIdRef":null,"regex":false}],"apiConfig":{"api":null,"idJsonPath":null,"valueJsonPath":null,"headers":null}},{"name":"workspaceId","dependent":false,"dependentMetadata":null,"values":[{"id":"880ba77a-8276-4490-8e56-b5dd1418a4b6","name":"Product 2","attributeName":null,"referenceType":null,"dependents":null,"attributes":null,"fieldIdRef":null,"regex":false}],"apiConfig":{"api":null,"idJsonPath":null,"valueJsonPath":null,"headers":null}}],"fields":[{"id":"_internalid","name":"_internalid","datatype":"String","values":null},{"id":"lastUpdatedDate","name":"lastUpdatedDate","datatype":"Date","values":null},{"id":"statusId","name":"Status Id","datatype":"String","values":[{"id":"080612f8-a01a-4661-8bae-7c0d585b5435","name":"Now","attributeName":null,"referenceType":null,"dependents":null,"attributes":null,"fieldIdRef":null,"regex":false},{"id":"f9f51fb4-edf1-4e7a-ba0e-8d7c520bf86a","name":"Next","attributeName":null,"referenceType":null,"dependents":null,"attributes":null,"fieldIdRef":null,"regex":false},{"id":"efef1e9a-35cd-4a1b-a1a5-7c9d11ce8f3b","name":"Done","attributeName":null,"referenceType":null,"dependents":null,"attributes":null,"fieldIdRef":null,"regex":false},{"id":"bf616717-263c-4040-8ec8-75eadfb99e26","name":"Later","attributeName":null,"referenceType":null,"dependents":null,"attributes":null,"fieldIdRef":null,"regex":false}]},{"id":"lastUpdatedAt","name":"lastUpdatedAt","datatype":"Date","values":null},{"id":"name","name":"name","datatype":"String","values":null},{"id":"Id","name":"Workspace id","datatype":"String","values":null}],"loginOptions":[],"idFieldName":"_internalid","titleFieldName":"name","projectFieldName":"","artifactFieldName":"","testStepsFieldName":null,"changedDateFieldName":"lastUpdatedAt","dateFormat":"yyyy-MM-dd","dateTimeFormat":"yyyy-MM-dd’T’HH:mm:ss.SSSSSS’Z’","queryDateFormat":"yyyy-MM-dd HH:mm:ss.SSS","queryDateFormatType":"DATE_TIME_FORMAT","commentFieldName":null,"commentFieldId":null,"attachmentFieldName":null,"attachmentFieldId":null,"apiVersion":null,"commentSyncSupported":false,"attachmentSyncSupported":false,"availableRestOperations":null,"conjunctionOperator":"","global":true,"tenantList":null,"multivariateMappingSupported":false}