[{"schemeId":18,"schemeName":"Default","adapterType":"airfocus","group":null,"active":true,"adapterMetadataList":[],"requestHeaders":[],"restTemplates":{"QUERY_RECORD_BY_ID":{"templateId":463,"operation":"QUERY_RECORD_BY_ID","httpVerb":"GET","restUrl":"api/workspaces/${workspaceId}/items/${recordId}","specifications":{"Request":{"specId":923,"type":"Request","adapterType":null,"specType":null,"status":"Active","specification":null,"samplePayload":null,"contentAvailable":false,"statusCode":2},"Response":{"specId":924,"type":"Response","adapterType":null,"specType":"JOLT","status":"Active","specification":"[\n  {\n    \"operation\": \"default\",\n    \"spec\": {\n      \"id\": \"bb01b528-e226-49bb-a6a4-e4f662156be1\",\n      \"workspaceId\": \"880ba77a-8276-4490-8e56-b5dd1418a4b6\",\n      \"statusId\": \"efef1e9a-35cd-4a1b-a1a5-7c9d11ce8f3b\",\n      \"color\": \"sky\",\n      \"name\": \"Epic 6\",\n      \"description\": {\n        \"blocks\": []\n      },\n      \"assigneeUserIds\": [],\n      \"fields\": {\n        \"05274700-7f60-4def-8124-86a67ef250d5\": {\n          \"selection\": [\n            \"dba96211-f308-3c47-aeaf-540d4b8610e0\"\n          ]\n        },\n        \"b2c0b1fa-5700-32b5-be24-c21db1040e9f\": {\n          \"target\": {\n            \"itemId\": \"d1b0929a-4c3a-43bd-94e2-2768ebc6ce18\",\n            \"workspaceId\": \"d482024e-4ee1-49b1-a0eb-4cb53c0fb648\"\n          }\n        },\n        \"6abb30be-afe2-4349-a0ae-ef872ae3ba17\": {\n          \"number\": 8\n        },\n        \"390c7ffc-7c9d-484f-9157-a069160ec303\": {\n          \"dateRange\": {\n            \"endDate\": \"2023-12-06\",\n            \"startDate\": \"2023-10-12\"\n          }\n        },\n        \"e7132df6-84a6-476e-b91e-6b7d74959405\": {\n          \"selection\": [\n            \"de2d8902-e53c-3d26-be6c-964aab0957d1\"\n          ]\n        },\n        \"3d24b496-57d7-4222-a3bb-8e586027961a\": {\n          \"itemScore\": 51,\n          \"factorScore\": {\n            \"x\": 80,\n            \"y\": 83\n          },\n          \"criterionScore\": {\n            \"05274700-7f60-4def-8124-86a67ef250d5\": 66.66666666666666,\n            \"5b23f325-187f-46f5-ae7e-6c284c2d01df\": 100,\n            \"6abb30be-afe2-4349-a0ae-ef872ae3ba17\": 80\n          }\n        },\n        \"9eb8a444-9441-453d-abee-1ebdc03c059a\": {\n          \"selection\": [\n            \"c5d6d97a-0a40-3510-bc77-c274f0327e3f\"\n          ]\n        },\n        \"5b23f325-187f-46f5-ae7e-6c284c2d01df\": {\n          \"number\": 10\n        }\n      },\n      \"archived\": false,\n      \"createdAt\": \"2024-04-23T16:30:52.217371Z\",\n      \"lastUpdatedAt\": \"2024-04-23T16:30:52.217371Z\",\n      \"statusUpdatedAt\": \"2024-04-23T16:30:52.217371Z\",\n      \"statusCategoryUpdatedAt\": \"2024-04-23T16:30:52.217371Z\",\n      \"order\": 2,\n      \"_embedded\": {\n        \"parents\": [],\n        \"children\": [],\n        \"progress\": {\n          \"closed\": 0,\n          \"total\": 0\n        },\n        \"apps\": {},\n        \"constraints\": [\n          {\n            \"extensionId\": \"ce0f86a3-f8c4-453a-bcd5-4d5e0d21c503\",\n            \"property\": \"fieldid:3d24b496-57d7-4222-a3bb-8e586027961a\",\n            \"type\": \"propertyReadOnly\"\n          }\n        ],\n        \"watched\": false,\n        \"linkCount\": 1,\n        \"commentCount\": 0,\n        \"attachmentCount\": 0,\n        \"workspaceItemType\": \"epic\"\n      }\n    }\n  },\n  {\n    \"operation\": \"shift\",\n    \"spec\": {\n      \"fields\": {\n        \"summary\": \"name\",\n        \"description\": \"description.blocks\",\n        \"priority\": \"fields.05274700-7f60-4def-8124-86a67ef250d5.selection[0]\",\n        \"modifiedTime\": \"lastUpdatedAt\",\n        \"severity\": \"fields.e7132df6-84a6-476e-b91e-6b7d74959405.selection[0]\",\n        \"status\": \"statusId\"\n      }\n    }\n  },\n  {\n    \"operation\": \"modify-overwrite-beta\",\n    \"spec\": {\n      \"description\": {\n        \"blocks\": [\n          {\n            \"type\": \"paragraph\",\n            \"text\": \"=description.blocks\"\n          }\n        ]\n      },\n      \"fields\": {\n        \"05274700-7f60-4def-8124-86a67ef250d5\": {\n          \"selection\": [\n            \"dba96211-f308-3c47-aeaf-540d4b8610e0\"\n          ]\n        }\n      },\n      \"lastUpdatedAt\": \"2024-04-23T16:30:52.217371Z\"\n    }\n  }\n]\n","samplePayload":"{\n  \"id\": \"TP-4\",\n  \"fields\": {\n    \"summary\": \"Test for API creation 2\",\n    \"description\": \"Test for API creation 2\",\n    \"priority\": \"1\",\n    \"modifiedTime\": \"01-04-2019 11:46:30.124\",\n    \"severity\": \"2\",\n    \"status\": \"Open\"\n  }\n}","contentAvailable":true,"statusCode":2}}},"CREATE_RECORD":{"templateId":466,"operation":"CREATE_RECORD","httpVerb":"POST","restUrl":"NA","specifications":{"Request":{"specId":929,"type":"Request","adapterType":null,"specType":"None","status":"Active","specification":"{}","samplePayload":"{\n  \"fields\": {\n    \"summary\": \"Test for API creation 2\",\n    \"description\": \"Test for API creation 2\",\n    \"priority\": \"1\",\n    \"modifiedTime\": \"01-04-2019 11:46:30.124\",\n    \"severity\": \"2\",\n    \"status\": \"Open\"\n  }\n}","contentAvailable":true,"statusCode":2},"Response":{"specId":930,"type":"Response","adapterType":null,"specType":null,"status":"Active","specification":null,"samplePayload":null,"contentAvailable":false,"statusCode":2}}},"QUERY_MODIFIED_RECORDS":{"templateId":464,"operation":"QUERY_MODIFIED_RECORDS","httpVerb":"POST","restUrl":"api/workspaces/${workspaceId}/items/search","specifications":{"Request":{"specId":925,"type":"Request","adapterType":null,"specType":"JOLT","status":"Active","specification":"[\n  {\n    \"operation\": \"shift\",\n    \"spec\": {\n      \"fromDate\": \"filter.fromDate\"\n    }\n  },\n  {\n    \"operation\": \"modify-overwrite-beta\",\n    \"spec\": {\n      \"filter\": {\n        \"Adate\": \"=split(' ',@(1,fromDate))\",\n        \"onlydate\": \"=firstElement(@(1,Adate))\",\n        \"onlytime\": \"=lastElement(@(1,Adate))\",\n        \"array_aux\": \"=split('-',@(1,onlydate))\",\n        \"tdate\": \"=concat(@(1,array_aux[0]),'-',@(1,array_aux[1]),'-',@(1,array_aux[2]))\",\n    \"ttime\": \"@(1,onlytime)\"   \n      }\n    }\n  },\n  {\n    \"operation\": \"default\",\n    \"spec\": {\n      \"filter\": {\n        \"type\": \"and\",\n        \"inner\": [\n          {\n            \"type\": \"lastUpdatedAt\",\n            \"mode\": \"afterOrOn\",\n            \"value\": {\n              \"zoneId\": \"UTC\"\n            }\n          }\n        ]\n      },\n      \"sort\": {\n        \"type\": \"lastUpdatedAt\",\n        \"direction\": \"asc\"\n      }\n    }\n  },\n  {\n    \"operation\": \"shift\",\n    \"spec\": {\n      \"filter\": {\n        \"type\": \"filter.type\",\n        \"inner\": {\n          \"*\": {\n            \"type\": \"filter.inner[0].type\",\n            \"mode\": \"filter.inner[0].mode\",\n            \"value\": {\n              \"zoneId\": \"filter.inner[0].value.zoneId\"\n            }\n          }\n        },\n        \"tdate\": \"filter.inner[0].value.date\",\n        \"ttime\": \"filter.inner[0].value.time\"\n      },\n      \"sort\": {\n        \"type\": \"sort.type\",\n        \"direction\": \"sort.direction\"\n      }\n    }\n  }\n]\n","samplePayload":"{\n  \"metadata\": [\n    {\n      \"project\": {\n        \"id\": \"10001\",\n        \"name\": \"Sample\"\n      }\n    },\n    {\n      \"domain\": {\n        \"id\": \"DEFAULT\",\n        \"name\": \"DEFAULT\"\n      }\n    }\n  ],\n  \"queryFilter\": \"\",\n  \"queryFields\": [\n    \"summary\",\n    \"description\",\n    \"assignee\",\n    \"priority\",\n    \"reporter\"\n  ],\n  \"fromDate\": \"01-04-2025 11:46:00.000\",\n  \"toDate\": \"01-04-2019 11:48:00.000\"\n}","contentAvailable":true,"statusCode":2},"Response":{"specId":926,"type":"Response","adapterType":null,"specType":"JOLT","status":"Active","specification":"[\n  {\n    \"operation\": \"shift\",\n    \"spec\": {\n      \"items\": {\n        \"*\": {\n          \"id\": \"result[&1].id\",\n          \"name\": \"result[&1].fields.Name\",\n           \"lastUpdatedAt\": \"result[&1].fields.modifiedTime\",\n            \"*\": \"result[&1].fields.&\"\n         }\n         },\n      \"totalItems\": \"totalrecords\"\n    }\n  },\n  {\n    \"operation\": \"modify-overwrite-beta\",\n    \"spec\": {\n      \"result\": {\n        \"*\": {\n          \"fields\": {\n            \"modifiedTime\": \"=substring(@(1,modifiedTime),0,10) + ' 11:46:30.124'\"\n          }\n        }\n      }\n    }\n  },\n  {\n    \"operation\": \"default\",\n    \"spec\": {\n      \"result\": {\n        \"*\": {\n          \"id\": \"=toString(@(1,id))\"\n        }\n      }\n    }\n  },\n{\n    \"operation\": \"default\",\n    \"spec\": {\n      \"totalrecords\": 0,\n      \"result\": []\n    }\n }\n]","samplePayload":"{\n    \"items\": [\n        {\n            \"id\": \"b6163b1b-8c09-4c88-acf4-c7fb561a61ed\",\n            \"workspaceId\": \"880ba77a-8276-4490-8e56-b5dd1418a4b6\",\n            \"statusId\": \"f9f51fb4-edf1-4e7a-ba0e-8d7c520bf86a\",\n            \"color\": \"sky\",\n            \"name\": \"Epic 7\",\n            \"description\": {\n                \"blocks\": []\n            },\n            \"assigneeUserIds\": [],\n            \"fields\": {\n                \"05274700-7f60-4def-8124-86a67ef250d5\": {\n                    \"selection\": [\n                        \"fd4c5bfa-baba-3888-88f0-be398eb34aee\"\n                    ]\n                },\n                \"b2c0b1fa-5700-32b5-be24-c21db1040e9f\": {\n                    \"target\": {\n                        \"itemId\": \"3a28f4ff-fd66-42a2-b6d0-3a6162264e52\",\n                        \"workspaceId\": \"d482024e-4ee1-49b1-a0eb-4cb53c0fb648\"\n                    }\n                },\n                \"6abb30be-afe2-4349-a0ae-ef872ae3ba17\": {\n                    \"number\": 3\n                },\n                \"390c7ffc-7c9d-484f-9157-a069160ec303\": {\n                    \"dateRange\": {\n                        \"endDate\": \"2024-01-26\",\n                        \"startDate\": \"2023-10-29\"\n                    }\n                },\n                \"e7132df6-84a6-476e-b91e-6b7d74959405\": {\n                    \"selection\": [\n                        \"9832be83-8fb7-36e6-82ac-27c587660155\"\n                    ]\n                },\n                \"3d24b496-57d7-4222-a3bb-8e586027961a\": {\n                    \"itemScore\": 56.00000000000001,\n                    \"factorScore\": {\n                        \"x\": 30,\n                        \"y\": 42\n                    },\n                    \"criterionScore\": {\n                        \"05274700-7f60-4def-8124-86a67ef250d5\": 33.33333333333333,\n                        \"5b23f325-187f-46f5-ae7e-6c284c2d01df\": 50,\n                        \"6abb30be-afe2-4349-a0ae-ef872ae3ba17\": 30\n                    }\n                },\n                \"9eb8a444-9441-453d-abee-1ebdc03c059a\": {\n                    \"selection\": [\n                        \"44557707-200c-3011-93e5-998c4d149eee\"\n                    ]\n                },\n                \"5b23f325-187f-46f5-ae7e-6c284c2d01df\": {\n                    \"number\": 5\n                }\n            },\n            \"archived\": false,\n            \"createdAt\": \"2024-04-23T16:30:52.217371Z\",\n            \"lastUpdatedAt\": \"2024-04-23T16:30:52.217371Z\",\n            \"statusUpdatedAt\": \"2024-04-23T16:30:52.217371Z\",\n            \"statusCategoryUpdatedAt\": \"2024-04-23T16:30:52.217371Z\",\n            \"order\": 0,\n            \"number\": 2,\n            \"_embedded\": {\n                \"alias\": \"PPPA-2\",\n                \"parents\": [],\n                \"children\": [],\n                \"progress\": {\n                    \"closed\": 0,\n                    \"total\": 0\n                },\n                \"apps\": {},\n                \"constraints\": [\n                    {\n                        \"extensionId\": \"ce0f86a3-f8c4-453a-bcd5-4d5e0d21c503\",\n                        \"property\": \"fieldid:3d24b496-57d7-4222-a3bb-8e586027961a\",\n                        \"type\": \"propertyReadOnly\"\n                    }\n                ],\n                \"watched\": false,\n                \"linkCount\": 0,\n                \"commentCount\": 0,\n                \"attachmentCount\": 0,\n                \"workspaceItemType\": \"epic\"\n            }\n        },\n        {\n            \"id\": \"b3baf9c5-892d-4965-b116-495096970f7f\",\n            \"workspaceId\": \"880ba77a-8276-4490-8e56-b5dd1418a4b6\",\n            \"statusId\": \"080612f8-a01a-4661-8bae-7c0d585b5435\",\n            \"color\": \"sky\",\n            \"name\": \"Mobile app\",\n            \"description\": {\n                \"blocks\": []\n            },\n            \"assigneeUserIds\": [],\n            \"fields\": {\n                \"05274700-7f60-4def-8124-86a67ef250d5\": {\n                    \"selection\": [\n                        \"c1475f6a-789e-3045-a116-9488a888a37c\"\n                    ]\n                },\n                \"b2c0b1fa-5700-32b5-be24-c21db1040e9f\": {\n                    \"target\": {\n                        \"itemId\": \"a994fad1-6870-4f98-bbab-1399e90494b3\",\n                        \"workspaceId\": \"d482024e-4ee1-49b1-a0eb-4cb53c0fb648\"\n                    }\n                },\n                \"6abb30be-afe2-4349-a0ae-ef872ae3ba17\": {\n                    \"number\": 7\n                },\n                \"390c7ffc-7c9d-484f-9157-a069160ec303\": {\n                    \"dateRange\": {\n                        \"endDate\": \"2024-01-22\",\n                        \"startDate\": \"2023-12-12\"\n                    }\n                },\n                \"e7132df6-84a6-476e-b91e-6b7d74959405\": {\n                    \"selection\": [\n                        \"de2d8902-e53c-3d26-be6c-964aab0957d1\"\n                    ]\n                },\n                \"3d24b496-57d7-4222-a3bb-8e586027961a\": {\n                    \"itemScore\": 63,\n                    \"factorScore\": {\n                        \"x\": 70,\n                        \"y\": 95\n                    },\n                    \"criterionScore\": {\n                        \"05274700-7f60-4def-8124-86a67ef250d5\": 100,\n                        \"5b23f325-187f-46f5-ae7e-6c284c2d01df\": 90,\n                        \"6abb30be-afe2-4349-a0ae-ef872ae3ba17\": 70\n                    }\n                },\n                \"9eb8a444-9441-453d-abee-1ebdc03c059a\": {\n                    \"selection\": [\n                        \"c5d6d97a-0a40-3510-bc77-c274f0327e3f\"\n                    ]\n                },\n                \"5b23f325-187f-46f5-ae7e-6c284c2d01df\": {\n                    \"number\": 9\n                }\n            },\n            \"archived\": false,\n            \"createdAt\": \"2024-04-23T16:30:52.217371Z\",\n            \"lastUpdatedAt\": \"2024-12-13T15:19:33.729998Z\",\n            \"statusUpdatedAt\": \"2024-04-23T16:30:52.217371Z\",\n            \"statusCategoryUpdatedAt\": \"2024-04-23T16:30:52.217371Z\",\n            \"order\": 1,\n            \"number\": 1,\n            \"_embedded\": {\n                \"alias\": \"PPPA-1\",\n                \"parents\": [],\n                \"children\": [],\n                \"progress\": {\n                    \"closed\": 0,\n                    \"total\": 0\n                },\n                \"apps\": {},\n                \"constraints\": [\n                    {\n                        \"extensionId\": \"ce0f86a3-f8c4-453a-bcd5-4d5e0d21c503\",\n                        \"property\": \"fieldid:3d24b496-57d7-4222-a3bb-8e586027961a\",\n                        \"type\": \"propertyReadOnly\"\n                    }\n                ],\n                \"watched\": false,\n                \"linkCount\": 1,\n                \"commentCount\": 0,\n                \"attachmentCount\": 0,\n                \"workspaceItemType\": \"epic\"\n            }\n        },\n        {\n            \"id\": \"bb01b528-e226-49bb-a6a4-e4f662156be1\",\n            \"workspaceId\": \"880ba77a-8276-4490-8e56-b5dd1418a4b6\",\n            \"statusId\": \"efef1e9a-35cd-4a1b-a1a5-7c9d11ce8f3b\",\n            \"color\": \"sky\",\n            \"name\": \"Epic 6\",\n            \"description\": {\n                \"blocks\": []\n            },\n            \"assigneeUserIds\": [],\n            \"fields\": {\n                \"05274700-7f60-4def-8124-86a67ef250d5\": {\n                    \"selection\": [\n                        \"dba96211-f308-3c47-aeaf-540d4b8610e0\"\n                    ]\n                },\n                \"b2c0b1fa-5700-32b5-be24-c21db1040e9f\": {\n                    \"target\": {\n                        \"itemId\": \"d1b0929a-4c3a-43bd-94e2-2768ebc6ce18\",\n                        \"workspaceId\": \"d482024e-4ee1-49b1-a0eb-4cb53c0fb648\"\n                    }\n                },\n                \"6abb30be-afe2-4349-a0ae-ef872ae3ba17\": {\n                    \"number\": 8\n                },\n                \"390c7ffc-7c9d-484f-9157-a069160ec303\": {\n                    \"dateRange\": {\n                        \"endDate\": \"2023-12-06\",\n                        \"startDate\": \"2023-10-12\"\n                    }\n                },\n                \"e7132df6-84a6-476e-b91e-6b7d74959405\": {\n                    \"selection\": [\n                        \"de2d8902-e53c-3d26-be6c-964aab0957d1\"\n                    ]\n                },\n                \"3d24b496-57d7-4222-a3bb-8e586027961a\": {\n                    \"itemScore\": 51,\n                    \"factorScore\": {\n                        \"x\": 80,\n                        \"y\": 83\n                    },\n                    \"criterionScore\": {\n                        \"05274700-7f60-4def-8124-86a67ef250d5\": 66.66666666666666,\n                        \"5b23f325-187f-46f5-ae7e-6c284c2d01df\": 100,\n                        \"6abb30be-afe2-4349-a0ae-ef872ae3ba17\": 80\n                    }\n                },\n                \"9eb8a444-9441-453d-abee-1ebdc03c059a\": {\n                    \"selection\": [\n                        \"c5d6d97a-0a40-3510-bc77-c274f0327e3f\"\n                    ]\n                },\n                \"5b23f325-187f-46f5-ae7e-6c284c2d01df\": {\n                    \"number\": 10\n                }\n            },\n            \"archived\": false,\n            \"createdAt\": \"2024-04-23T16:30:52.217371Z\",\n            \"lastUpdatedAt\": \"2024-04-23T16:30:52.217371Z\",\n            \"statusUpdatedAt\": \"2024-04-23T16:30:52.217371Z\",\n            \"statusCategoryUpdatedAt\": \"2024-04-23T16:30:52.217371Z\",\n            \"order\": 2,\n            \"number\": 3,\n            \"_embedded\": {\n                \"alias\": \"PPPA-3\",\n                \"parents\": [],\n                \"children\": [],\n                \"progress\": {\n                    \"closed\": 0,\n                    \"total\": 0\n                },\n                \"apps\": {},\n                \"constraints\": [\n                    {\n                        \"extensionId\": \"ce0f86a3-f8c4-453a-bcd5-4d5e0d21c503\",\n                        \"property\": \"fieldid:3d24b496-57d7-4222-a3bb-8e586027961a\",\n                        \"type\": \"propertyReadOnly\"\n                    }\n                ],\n                \"watched\": false,\n                \"linkCount\": 1,\n                \"commentCount\": 0,\n                \"attachmentCount\": 0,\n                \"workspaceItemType\": \"epic\"\n            }\n        },\n        {\n            \"id\": \"e58f8061-9dff-46f4-ab7d-0d249c14b837\",\n            \"workspaceId\": \"880ba77a-8276-4490-8e56-b5dd1418a4b6\",\n            \"statusId\": \"f9f51fb4-edf1-4e7a-ba0e-8d7c520bf86a\",\n            \"color\": \"sky\",\n            \"name\": \"Epic 8\",\n            \"description\": {\n                \"blocks\": []\n            },\n            \"assigneeUserIds\": [],\n            \"fields\": {\n                \"05274700-7f60-4def-8124-86a67ef250d5\": {\n                    \"selection\": [\n                        \"fd4c5bfa-baba-3888-88f0-be398eb34aee\"\n                    ]\n                },\n                \"b2c0b1fa-5700-32b5-be24-c21db1040e9f\": {\n                    \"target\": {\n                        \"itemId\": \"325fadd5-5107-4012-856f-ff7dbcbe2d38\",\n                        \"workspaceId\": \"d482024e-4ee1-49b1-a0eb-4cb53c0fb648\"\n                    }\n                },\n                \"6abb30be-afe2-4349-a0ae-ef872ae3ba17\": {},\n                \"390c7ffc-7c9d-484f-9157-a069160ec303\": {\n                    \"dateRange\": {\n                        \"endDate\": \"2024-03-18\",\n                        \"startDate\": \"2024-02-04\"\n                    }\n                },\n                \"e7132df6-84a6-476e-b91e-6b7d74959405\": {\n                    \"selection\": [\n                        \"de2d8902-e53c-3d26-be6c-964aab0957d1\"\n                    ]\n                },\n                \"3d24b496-57d7-4222-a3bb-8e586027961a\": {\n                    \"factorScore\": {\n                        \"y\": 47\n                    },\n                    \"criterionScore\": {\n                        \"05274700-7f60-4def-8124-86a67ef250d5\": 33.33333333333333,\n                        \"5b23f325-187f-46f5-ae7e-6c284c2d01df\": 60\n                    }\n                },\n                \"9eb8a444-9441-453d-abee-1ebdc03c059a\": {\n                    \"selection\": [\n                        \"44557707-200c-3011-93e5-998c4d149eee\"\n                    ]\n                },\n                \"5b23f325-187f-46f5-ae7e-6c284c2d01df\": {\n                    \"number\": 6\n                }\n            },\n            \"archived\": false,\n            \"createdAt\": \"2024-04-23T16:30:52.217371Z\",\n            \"lastUpdatedAt\": \"2024-04-23T16:30:52.217371Z\",\n            \"statusUpdatedAt\": \"2024-04-23T16:30:52.217371Z\",\n            \"statusCategoryUpdatedAt\": \"2024-04-23T16:30:52.217371Z\",\n            \"order\": 3,\n            \"number\": 4,\n            \"_embedded\": {\n                \"alias\": \"PPPA-4\",\n                \"parents\": [],\n                \"children\": [],\n                \"progress\": {\n                    \"closed\": 0,\n                    \"total\": 0\n                },\n                \"apps\": {},\n                \"constraints\": [\n                    {\n                        \"extensionId\": \"ce0f86a3-f8c4-453a-bcd5-4d5e0d21c503\",\n                        \"property\": \"fieldid:3d24b496-57d7-4222-a3bb-8e586027961a\",\n                        \"type\": \"propertyReadOnly\"\n                    }\n                ],\n                \"watched\": false,\n                \"linkCount\": 2,\n                \"commentCount\": 0,\n                \"attachmentCount\": 0,\n                \"workspaceItemType\": \"epic\"\n            }\n        },\n        {\n            \"id\": \"61735569-a684-42ab-bc53-794add80f83d\",\n            \"workspaceId\": \"880ba77a-8276-4490-8e56-b5dd1418a4b6\",\n            \"statusId\": \"080612f8-a01a-4661-8bae-7c0d585b5435\",\n            \"color\": \"sky\",\n            \"name\": \"New epic/item 12/11\",\n            \"description\": {\n                \"blocks\": []\n            },\n            \"assigneeUserIds\": [],\n            \"fields\": {\n                \"05274700-7f60-4def-8124-86a67ef250d5\": {\n                    \"selection\": []\n                },\n                \"b2c0b1fa-5700-32b5-be24-c21db1040e9f\": {\n                    \"target\": {\n                        \"itemId\": \"83a4a06d-d0d9-4fe7-adf7-c596f58bf030\",\n                        \"workspaceId\": \"d482024e-4ee1-49b1-a0eb-4cb53c0fb648\"\n                    }\n                },\n                \"6abb30be-afe2-4349-a0ae-ef872ae3ba17\": {},\n                \"390c7ffc-7c9d-484f-9157-a069160ec303\": {},\n                \"e7132df6-84a6-476e-b91e-6b7d74959405\": {\n                    \"selection\": []\n                },\n                \"3d24b496-57d7-4222-a3bb-8e586027961a\": {\n                    \"factorScore\": {},\n                    \"criterionScore\": {}\n                },\n                \"9eb8a444-9441-453d-abee-1ebdc03c059a\": {\n                    \"selection\": []\n                },\n                \"5b23f325-187f-46f5-ae7e-6c284c2d01df\": {}\n            },\n            \"archived\": false,\n            \"createdAt\": \"2024-12-11T19:20:33.323960Z\",\n            \"lastUpdatedAt\": \"2024-12-11T19:20:33.323960Z\",\n            \"statusUpdatedAt\": \"2024-12-11T19:20:33.323960Z\",\n            \"statusCategoryUpdatedAt\": \"2024-12-11T19:20:33.323960Z\",\n            \"order\": 4,\n            \"number\": 5,\n            \"_embedded\": {\n                \"alias\": \"PPPA-5\",\n                \"parents\": [],\n                \"children\": [],\n                \"progress\": {\n                    \"closed\": 0,\n                    \"total\": 0\n                },\n                \"apps\": {},\n                \"constraints\": [\n                    {\n                        \"extensionId\": \"ce0f86a3-f8c4-453a-bcd5-4d5e0d21c503\",\n                        \"property\": \"fieldid:3d24b496-57d7-4222-a3bb-8e586027961a\",\n                        \"type\": \"propertyReadOnly\"\n                    }\n                ],\n                \"watched\": false,\n                \"linkCount\": 0,\n                \"commentCount\": 0,\n                \"attachmentCount\": 0,\n                \"workspaceItemType\": \"epic\"\n            }\n        },\n        {\n            \"id\": \"64a76ea8-95fa-459b-98d3-bd7323483832\",\n            \"workspaceId\": \"880ba77a-8276-4490-8e56-b5dd1418a4b6\",\n            \"statusId\": \"f9f51fb4-edf1-4e7a-ba0e-8d7c520bf86a\",\n            \"color\": \"sky\",\n            \"name\": \"New Epic/Item 12/13\",\n            \"description\": {\n                \"blocks\": []\n            },\n            \"assigneeUserIds\": [],\n            \"fields\": {\n                \"05274700-7f60-4def-8124-86a67ef250d5\": {\n                    \"selection\": []\n                },\n                \"b2c0b1fa-5700-32b5-be24-c21db1040e9f\": {\n                    \"target\": {\n                        \"itemId\": \"c29888c0-f0a5-4e45-a700-0cf3631722c9\",\n                        \"workspaceId\": \"d482024e-4ee1-49b1-a0eb-4cb53c0fb648\"\n                    }\n                },\n                \"6abb30be-afe2-4349-a0ae-ef872ae3ba17\": {},\n                \"390c7ffc-7c9d-484f-9157-a069160ec303\": {},\n                \"e7132df6-84a6-476e-b91e-6b7d74959405\": {\n                    \"selection\": []\n                },\n                \"3d24b496-57d7-4222-a3bb-8e586027961a\": {\n                    \"factorScore\": {},\n                    \"criterionScore\": {}\n                },\n                \"9eb8a444-9441-453d-abee-1ebdc03c059a\": {\n                    \"selection\": []\n                },\n                \"5b23f325-187f-46f5-ae7e-6c284c2d01df\": {}\n            },\n            \"archived\": false,\n            \"createdAt\": \"2024-12-13T15:16:34.757555Z\",\n            \"lastUpdatedAt\": \"2024-12-13T15:16:34.757555Z\",\n            \"statusUpdatedAt\": \"2024-12-13T15:16:34.757555Z\",\n            \"statusCategoryUpdatedAt\": \"2024-12-13T15:16:34.757555Z\",\n            \"order\": 5,\n            \"number\": 6,\n            \"_embedded\": {\n                \"alias\": \"PPPA-6\",\n                \"parents\": [],\n                \"children\": [],\n                \"progress\": {\n                    \"closed\": 0,\n                    \"total\": 0\n                },\n                \"apps\": {},\n                \"constraints\": [\n                    {\n                        \"extensionId\": \"ce0f86a3-f8c4-453a-bcd5-4d5e0d21c503\",\n                        \"property\": \"fieldid:3d24b496-57d7-4222-a3bb-8e586027961a\",\n                        \"type\": \"propertyReadOnly\"\n                    }\n                ],\n                \"watched\": false,\n                \"linkCount\": 0,\n                \"commentCount\": 0,\n                \"attachmentCount\": 0,\n                \"workspaceItemType\": \"epic\"\n            }\n        },\n        {\n            \"id\": \"d51daa87-19c1-43c0-aac2-bb6030c92ffa\",\n            \"workspaceId\": \"880ba77a-8276-4490-8e56-b5dd1418a4b6\",\n            \"statusId\": \"080612f8-a01a-4661-8bae-7c0d585b5435\",\n            \"color\": \"sky\",\n            \"name\": \"Second New Epic/Item 12/13\",\n            \"description\": {\n                \"blocks\": []\n            },\n            \"assigneeUserIds\": [],\n            \"fields\": {\n                \"05274700-7f60-4def-8124-86a67ef250d5\": {\n                    \"selection\": []\n                },\n                \"b2c0b1fa-5700-32b5-be24-c21db1040e9f\": {\n                    \"target\": {\n                        \"itemId\": \"f057f828-90ee-416d-b442-fc8298a561a7\",\n                        \"workspaceId\": \"d482024e-4ee1-49b1-a0eb-4cb53c0fb648\"\n                    }\n                },\n                \"6abb30be-afe2-4349-a0ae-ef872ae3ba17\": {},\n                \"390c7ffc-7c9d-484f-9157-a069160ec303\": {},\n                \"e7132df6-84a6-476e-b91e-6b7d74959405\": {\n                    \"selection\": []\n                },\n                \"3d24b496-57d7-4222-a3bb-8e586027961a\": {\n                    \"factorScore\": {},\n                    \"criterionScore\": {}\n                },\n                \"9eb8a444-9441-453d-abee-1ebdc03c059a\": {\n                    \"selection\": []\n                },\n                \"5b23f325-187f-46f5-ae7e-6c284c2d01df\": {}\n            },\n            \"archived\": false,\n            \"createdAt\": \"2024-12-13T16:59:37.614136Z\",\n            \"lastUpdatedAt\": \"2024-12-13T16:59:37.614136Z\",\n            \"statusUpdatedAt\": \"2024-12-13T16:59:37.614136Z\",\n            \"statusCategoryUpdatedAt\": \"2024-12-13T16:59:37.614136Z\",\n            \"order\": 6,\n            \"number\": 7,\n            \"_embedded\": {\n                \"alias\": \"PPPA-7\",\n                \"parents\": [],\n                \"children\": [],\n                \"progress\": {\n                    \"closed\": 0,\n                    \"total\": 0\n                },\n                \"apps\": {},\n                \"constraints\": [\n                    {\n                        \"extensionId\": \"ce0f86a3-f8c4-453a-bcd5-4d5e0d21c503\",\n                        \"property\": \"fieldid:3d24b496-57d7-4222-a3bb-8e586027961a\",\n                        \"type\": \"propertyReadOnly\"\n                    }\n                ],\n                \"watched\": false,\n                \"linkCount\": 0,\n                \"commentCount\": 0,\n                \"attachmentCount\": 0,\n                \"workspaceItemType\": \"epic\"\n            }\n        }\n    ],\n    \"totalItems\": 7\n}","contentAvailable":true,"statusCode":2}}},"UPDATE_RECORD":{"templateId":465,"operation":"UPDATE_RECORD","httpVerb":"PUT","restUrl":"NA","specifications":{"Request":{"specId":927,"type":"Request","adapterType":null,"specType":"None","status":"Active","specification":"{}","samplePayload":"{\n  \"id\": \"TP-4\",\n  \"fields\": {\n    \"summary\": \"Test for API creation 2\",\n    \"description\": \"Test for API creation 2\",\n    \"assignee\": \"admin\",\n    \"priority\": \"1\",\n    \"reporter\": \"admin\"\n  }\n}","contentAvailable":true,"statusCode":2},"Response":{"specId":928,"type":"Response","adapterType":null,"specType":null,"status":"Active","specification":null,"samplePayload":null,"contentAvailable":false,"statusCode":2}}}},"default":true}]